[{
  "_id": {
    "$oid": "619ca95cde4c651a9ce580a0"
  },
  "first_name": "Abhishek",
  "last_name": "Jha",
  "gmail": "abhi@gmail.com",
  "gender": "male",
  "id": 123
},{
  "_id": {
    "$oid": "619ca95cde4c651a9ce580a1"
  },
  "first_name": "Suraj",
  "last_name": "Jha",
  "gmail": "sbhi@gmail.com",
  "gender": "male",
  "id": 234
},{
  "_id": {
    "$oid": "619caa39de4c651a9ce580a2"
  },
  "first_name": "Abhishek",
  "last_name": "Jha",
  "gmail": "abhi@gmail.com",
  "gender": "male",
  "id": 123
},{
  "_id": {
    "$oid": "619caa39de4c651a9ce580a3"
  },
  "first_name": "Suraj",
  "last_name": "Jha",
  "gmail": "sbhi@gmail.com",
  "gender": "male",
  "id": 234
},{
  "_id": {
    "$oid": "619caa58de4c651a9ce580a4"
  },
  "first_name": "Abhishek",
  "last_name": "Jha",
  "gmail": "abhi@gmail.com",
  "gender": "male",
  "id": 123
},{
  "_id": {
    "$oid": "619caa58de4c651a9ce580a5"
  },
  "first_name": "Suraj",
  "last_name": "Jha",
  "gmail": "sbhi@gmail.com",
  "gender": "male",
  "id": 234
}]